product,sub_product,company,issue,date_received
Credit reporting,,EXPERIAN DELAWARE GP,Incorrect information on credit report,2017-03-21
Debt collection,"Other (i.e. phone, health club, etc.)","Security Credit Services, LLC",Disclosure verification of debt,2017-04-19
Credit card,,"CITIBANK, N.A.",Other,2017-04-19
Mortgage,Other mortgage,"WELLS FARGO BANK, NATIONAL ASSOCIATION","Loan modification,collection,foreclosure",2016-05-18
Bank account or service,Checking account,UNITED SERVICES AUTOMOBILE ASSOCIATION,"Making/receiving payments, sending money",2017-03-17
Mortgage,Conventional fixed mortgage,AMERICAN NEIGHBORHOOD MORTGAGE,Settlement process and costs,2016-11-18
Student loan,Federal student loan servicing,AES/PHEAA,Dealing with my lender or servicer,2017-04-15
Money transfers,International money transfer,"SUNTRUST BANKS, INC.",Fraud or scam,2017-04-20
Debt collection,"Other (i.e. phone, health club, etc.)","PMGI, LLC",Disclosure verification of debt,2016-11-17
Mortgage,Conventional adjustable mortgage (ARM),Ditech Financial LLC,"Loan modification,collection,foreclosure",2017-04-17
Bank account or service,(CD) Certificate of deposit,U.S. BANCORP,"Account opening, closing, or management",2017-04-22
Mortgage,Other mortgage,"Shellpoint Partners, LLC","Loan modification,collection,foreclosure",2017-04-14
Credit card,,U.S. BANCORP,Credit determination,2017-04-19
Debt collection,"Other (i.e. phone, health club, etc.)","Rubin & Rothman, LLC",Disclosure verification of debt,2017-04-18
Mortgage,Other mortgage,"QUICKEN LOANS, INC.","Loan servicing, payments, escrow account",2017-04-18
Debt collection,Credit card,"CITIBANK, N.A.",Disclosure verification of debt,2017-03-17
Student loan,Non-federal student loan,JPMORGAN CHASE & CO.,Can't repay my loan,2017-04-18
Debt collection,Credit card,"ONEMAIN FINANCIAL HOLDINGS, LLC.",Disclosure verification of debt,2017-03-04
Bank account or service,Checking account,"BANK OF AMERICA, NATIONAL ASSOCIATION",Problems caused by my funds being low,2017-04-17
Bank account or service,Checking account,JPMORGAN CHASE & CO.,"Account opening, closing, or management",2017-03-04
Mortgage,Conventional fixed mortgage,"Nationwide Biweekly Administration, Inc.","Loan servicing, payments, escrow account",2017-03-27
Credit reporting,,EXPERIAN DELAWARE GP,Incorrect information on credit report,2017-03-21
Mortgage,Conventional fixed mortgage,OCWEN LOAN SERVICING LLC,"Loan servicing, payments, escrow account",2017-04-21
Student loan,Federal student loan servicing,"Navient Solutions, LLC.",Can't repay my loan,2017-03-04
Prepaid card,Payroll card,NETSPEND CORPORATION,"Managing, opening, or closing account",2017-04-17
Mortgage,Other mortgage,OCWEN LOAN SERVICING LLC,Other,2017-04-07
Credit reporting,,"EQUIFAX, INC.",Incorrect information on credit report,2017-03-04
Mortgage,Conventional fixed mortgage,Ditech Financial LLC,"Loan servicing, payments, escrow account",2017-04-17
Mortgage,FHA mortgage,"LoanCare, LLC","Loan servicing, payments, escrow account",2017-04-18
Mortgage,Other mortgage,"BANK OF AMERICA, NATIONAL ASSOCIATION","Loan modification,collection,foreclosure",2014-10-23
Bank account or service,Checking account,U.S. BANCORP,Problems caused by my funds being low,2017-04-12
Bank account or service,Checking account,"WELLS FARGO BANK, NATIONAL ASSOCIATION",Deposits and withdrawals,2017-04-19
Credit card,,AMERICAN EXPRESS CENTURION BANK,Other,2017-04-19
Credit reporting,,EXPERIAN DELAWARE GP,Incorrect information on credit report,2017-03-21
Consumer Loan,Vehicle loan,"AC Autopay, LLC",Managing the loan or lease,2017-04-18
Credit card,,"BANK OF AMERICA, NATIONAL ASSOCIATION",APR or interest rate,2017-04-07
Debt collection,Medical,"Alpine Credit, Inc",Disclosure verification of debt,2015-12-17
Credit reporting,,EXPERIAN DELAWARE GP,Incorrect information on credit report,2017-03-21
Credit reporting,,EXPERIAN DELAWARE GP,Incorrect information on credit report,2017-03-21
Bank account or service,Checking account,"BANK OF AMERICA, NATIONAL ASSOCIATION","Making/receiving payments, sending money",2017-04-19
Mortgage,Other mortgage,JPMORGAN CHASE & CO.,"Loan modification,collection,foreclosure",2017-03-04
Credit card,,"WELLS FARGO BANK, NATIONAL ASSOCIATION",Other,2017-04-19
Bank account or service,Other bank product/service,NETSPEND CORPORATION,"Account opening, closing, or management",2017-04-19
Bank account or service,Checking account,"BANK OF AMERICA, NATIONAL ASSOCIATION",Problems caused by my funds being low,2017-04-21
Credit reporting,,"EQUIFAX, INC.",Incorrect information on credit report,2017-03-04
Mortgage,Home equity loan or line of credit,"BANK OF AMERICA, NATIONAL ASSOCIATION","Loan modification,collection,foreclosure",2017-03-10
Bank account or service,Checking account,"BANK OF AMERICA, NATIONAL ASSOCIATION",Deposits and withdrawals,2017-04-03
Mortgage,Conventional fixed mortgage,Specialized Loan Servicing LLC,"Loan servicing, payments, escrow account",2017-04-19
Mortgage,Conventional adjustable mortgage (ARM),"MUFG UNION BANK, NATIONAL ASSOCIATION","Loan modification,collection,foreclosure",2017-03-31
Bank account or service,Other bank product/service,"BANK OF AMERICA, NATIONAL ASSOCIATION","Account opening, closing, or management",2017-04-04
Student loan,Non-federal student loan,"Navient Solutions, LLC.",Can't repay my loan,2017-04-19
Consumer Loan,Vehicle loan,CREDIT ACCEPTANCE CORPORATION,Problems when you are unable to pay,2017-04-18
Consumer Loan,Installment loan,"Camelot Financial Services, Inc.",Problems when you are unable to pay,2017-04-20
Credit reporting,,"EQUIFAX, INC.",Credit reporting company's investigation,2017-03-04
Mortgage,Other mortgage,"BANK OF AMERICA, NATIONAL ASSOCIATION","Loan modification,collection,foreclosure",2012-05-17
Credit card,,BARCLAYS BANK DELAWARE,Other fee,2017-04-06
Prepaid card,Payroll card,NETSPEND CORPORATION,"Advertising, marketing or disclosures",2017-04-21
Debt collection,"Other (i.e. phone, health club, etc.)",Resurgent Capital Services L.P.,Improper contact or sharing of info,2017-03-04
Credit card,,JPMORGAN CHASE & CO.,Identity theft / Fraud / Embezzlement,2017-04-06
Credit card,,CAPITAL ONE FINANCIAL CORPORATION,Customer service / Customer relations,2017-04-01
Credit reporting,,EXPERIAN DELAWARE GP,Incorrect information on credit report,2016-02-08
Debt collection,Payday loan,SPEEDY CASH INTERMEDIATE HOLDINGS CORP,Disclosure verification of debt,2017-04-21
Debt collection,Auto,"American Credit Acceptance, LLC",False statements or representation,2017-04-16
Bank account or service,Other bank product/service,Comerica,Using a debit or ATM card,2017-03-04
Mortgage,Home equity loan or line of credit,"BANK OF AMERICA, NATIONAL ASSOCIATION","Application, originator, mortgage broker",2017-04-05
Credit card,,JPMORGAN CHASE & CO.,Balance transfer,2017-03-04
Credit card,,DISCOVER BANK,Identity theft / Fraud / Embezzlement,2017-04-04
Mortgage,Other mortgage,"BANK OF AMERICA, NATIONAL ASSOCIATION",Other,2012-08-21
Debt collection,Mortgage,CARRINGTON MORTGAGE SERVICES,Disclosure verification of debt,2017-03-10
Other financial service,Check cashing,"Fidelity National Information Services, Inc. (FNIS)",Customer service/Customer relations,2017-04-18
Credit card,,U.S. BANCORP,Credit determination,2017-04-18
Debt collection,Credit card,SYNCHRONY BANK,Cont'd attempts collect debt not owed,2017-04-20
Bank account or service,Checking account,NETSPEND CORPORATION,Deposits and withdrawals,2017-04-20
Mortgage,Other mortgage,JPMORGAN CHASE & CO.,"Loan servicing, payments, escrow account",2017-04-19
Debt collection,Credit card,"JH Portfolio Debt Equities, LLC",Disclosure verification of debt,2017-04-21
Credit card,,CAPITAL ONE FINANCIAL CORPORATION,Transaction issue,2017-04-19
Consumer Loan,Installment loan,SYNCHRONY BANK,Managing the loan or lease,2017-04-20
Credit reporting,,EXPERIAN DELAWARE GP,Credit monitoring or identity protection,2017-03-22
Credit reporting,,"National Credit Systems,Inc.",Incorrect information on credit report,2017-03-06
Bank account or service,Checking account,"BANK OF AMERICA, NATIONAL ASSOCIATION","Account opening, closing, or management",2017-04-07
Mortgage,Conventional fixed mortgage,"WELLS FARGO BANK, NATIONAL ASSOCIATION","Loan servicing, payments, escrow account",2017-04-14
Credit reporting,,EXPERIAN DELAWARE GP,Incorrect information on credit report,2017-04-21
Consumer Loan,Vehicle loan,PRESTIGE FINANCIAL SERVICES INC,Problems when you are unable to pay,2017-03-04
Credit card,,UNITED SERVICES AUTOMOBILE ASSOCIATION,Other fee,2017-04-20
Consumer Loan,Vehicle loan,"Westlake Services, LLC",Taking out the loan or lease,2017-04-18
Credit reporting,,"EQUIFAX, INC.",Incorrect information on credit report,2017-04-03
Debt collection,"Other (i.e. phone, health club, etc.)",FINEX Group LLC,Cont'd attempts collect debt not owed,2016-05-06
Debt collection,Credit card,"Levy and Associates, LLC",Cont'd attempts collect debt not owed,2017-03-04
Debt collection,Credit card,"ONEMAIN FINANCIAL HOLDINGS, LLC.",Cont'd attempts collect debt not owed,2017-03-04
Credit card,,"CITIBANK, N.A.",Identity theft / Fraud / Embezzlement,2017-04-17
Credit card,,UNITED SERVICES AUTOMOBILE ASSOCIATION,Credit line increase/decrease,2017-04-18
Student loan,Non-federal student loan,"Navient Solutions, LLC.",Dealing with my lender or servicer,2017-04-18
Debt collection,I do not know,"Concentric Receivables Management, Ltd.",Cont'd attempts collect debt not owed,2017-04-20
Mortgage,Other mortgage,OCWEN LOAN SERVICING LLC,"Loan modification,collection,foreclosure",2012-12-31
Debt collection,"Other (i.e. phone, health club, etc.)","URS Holding, LLC",Communication tactics,2017-04-21
Consumer Loan,Vehicle lease,ALLY FINANCIAL INC.,Taking out the loan or lease,2017-04-08
Bank account or service,Checking account,BBVA COMPASS FINANCIAL CORPORATION,"Account opening, closing, or management",2017-04-18
Mortgage,Conventional fixed mortgage,"Dovenmuehle Mortgage, Inc.","Loan servicing, payments, escrow account",2017-03-02
Credit card,,BARCLAYS BANK DELAWARE,Billing disputes,2017-04-07
Credit card,,DISCOVER BANK,Bankruptcy,2017-04-09
Debt collection,"Other (i.e. phone, health club, etc.)","EXPERT GLOBAL SOLUTIONS, INC.",Improper contact or sharing of info,2017-02-28
Bank account or service,Checking account,"BANK OF AMERICA, NATIONAL ASSOCIATION","Account opening, closing, or management",2017-04-20
Bank account or service,Checking account,U.S. BANCORP,"Account opening, closing, or management",2017-04-15
Bank account or service,Savings account,UNITED SERVICES AUTOMOBILE ASSOCIATION,"Account opening, closing, or management",2017-04-18
Mortgage,Conventional adjustable mortgage (ARM),Ditech Financial LLC,"Loan servicing, payments, escrow account",2014-07-06
Debt collection,Medical,Senex Services Corp.,Disclosure verification of debt,2017-04-18
Bank account or service,Other bank product/service,CAPITAL ONE FINANCIAL CORPORATION,"Account opening, closing, or management",2017-03-04
Credit reporting,,"EQUIFAX, INC.",Credit reporting company's investigation,2017-03-04
Debt collection,Credit card,Resurgent Capital Services L.P.,Cont'd attempts collect debt not owed,2017-04-18
Credit reporting,,"TRANSUNION INTERMEDIATE HOLDINGS, INC.",Incorrect information on credit report,2016-04-29
Credit reporting,,"EQUIFAX, INC.",Incorrect information on credit report,2017-04-04
Debt collection,I do not know,Source Receivables Management LLC,Disclosure verification of debt,2017-03-31
Mortgage,Conventional adjustable mortgage (ARM),"HUNTINGTON NATIONAL BANK, THE","Loan servicing, payments, escrow account",2017-04-19
Mortgage,Home equity loan or line of credit,"BANK OF AMERICA, NATIONAL ASSOCIATION","Loan servicing, payments, escrow account",2017-03-31
Mortgage,FHA mortgage,FIFTH THIRD FINANCIAL CORPORATION,"Loan servicing, payments, escrow account",2017-04-18
Bank account or service,Checking account,ZIONS BANCORPORATION,Problems caused by my funds being low,2017-04-21
Consumer Loan,Installment loan,"Colony Brands, Inc.",Managing the loan or lease,2017-02-06
Mortgage,FHA mortgage,CARRINGTON MORTGAGE SERVICES,"Loan modification,collection,foreclosure",2017-04-07
Mortgage,Home equity loan or line of credit,"BANK OF AMERICA, NATIONAL ASSOCIATION","Application, originator, mortgage broker",2017-04-17
Credit card,,CAPITAL ONE FINANCIAL CORPORATION,Payoff process,2017-03-28
Credit reporting,,"WELLS FARGO BANK, NATIONAL ASSOCIATION",Incorrect information on credit report,2017-03-30
Mortgage,Other mortgage,MORTGAGE 4 U LLC,"Application, originator, mortgage broker",2017-03-16
Debt collection,I do not know,TRANSWORLD SYSTEMS INC,Disclosure verification of debt,2017-04-20
Bank account or service,Checking account,"SUNTRUST BANKS, INC.","Making/receiving payments, sending money",2017-04-19
Mortgage,Other mortgage,"ONE REVERSE MORTGAGE, LLC","Loan modification,collection,foreclosure",2017-04-10
Debt collection,Medical,"AR Resources, Inc.",Disclosure verification of debt,2017-04-21
Debt collection,"Other (i.e. phone, health club, etc.)",Resurgent Capital Services L.P.,Taking/threatening an illegal action,2016-06-28
Student loan,Federal student loan servicing,AES/PHEAA,Can't repay my loan,2017-03-04
Prepaid card,General purpose card,NETSPEND CORPORATION,"Managing, opening, or closing account",2017-04-17
Mortgage,Conventional fixed mortgage,Ditech Financial LLC,"Loan modification,collection,foreclosure",2017-04-18
Debt collection,Medical,"APEX Asset Management, LLC",Cont'd attempts collect debt not owed,2013-07-18
Credit reporting,,"EQUIFAX, INC.",Incorrect information on credit report,2017-04-03
Consumer Loan,Installment loan,SYNCHRONY BANK,Managing the loan or lease,2015-01-04
Debt collection,Non-federal student loan,Law Offices of Goldsmith & Hull A.P.C.,Disclosure verification of debt,2015-03-02
Debt collection,"Other (i.e. phone, health club, etc.)",RR Resource-Recovery,Disclosure verification of debt,2016-11-25
Consumer Loan,Vehicle loan,ALLY FINANCIAL INC.,Managing the loan or lease,2017-04-07
Bank account or service,(CD) Certificate of deposit,ALLY FINANCIAL INC.,Deposits and withdrawals,2017-04-04
Debt collection,Credit card,"CITIBANK, N.A.",Disclosure verification of debt,2017-04-06
Bank account or service,Checking account,"BANK OF AMERICA, NATIONAL ASSOCIATION","Account opening, closing, or management",2017-04-18
Money transfers,Domestic (US) money transfer,PNC Bank N.A.,Money was not available when promised,2017-04-18
Student loan,Federal student loan servicing,AES/PHEAA,Dealing with my lender or servicer,2017-04-15
Credit reporting,,"EQUIFAX, INC.",Credit reporting company's investigation,2017-03-04
Credit reporting,,EXPERIAN DELAWARE GP,Incorrect information on credit report,2017-03-22
Prepaid card,Mobile wallet,Blackhawk Network Holdings Inc.,Fraud or scam,2017-04-06
Credit card,,JPMORGAN CHASE & CO.,Credit determination,2017-04-18
Credit reporting,,"TRANSUNION INTERMEDIATE HOLDINGS, INC.",Incorrect information on credit report,2014-09-02
Bank account or service,Checking account,"BANK OF AMERICA, NATIONAL ASSOCIATION","Making/receiving payments, sending money",2017-04-04
Credit card,,"CITIBANK, N.A.",Delinquent account,2017-04-19
Credit reporting,,EXPERIAN DELAWARE GP,Incorrect information on credit report,2017-03-21
Bank account or service,Other bank product/service,JPMORGAN CHASE & CO.,Deposits and withdrawals,2017-04-20
Student loan,Non-federal student loan,"Navient Solutions, LLC.",Dealing with my lender or servicer,2017-04-18
Mortgage,Home equity loan or line of credit,JPMORGAN CHASE & CO.,"Loan servicing, payments, escrow account",2017-04-20
Bank account or service,Savings account,ALLY FINANCIAL INC.,"Account opening, closing, or management",2017-04-05
Debt collection,"Other (i.e. phone, health club, etc.)","Quality Recovery Services, Inc.",Disclosure verification of debt,2016-03-25
Consumer Loan,Pawn loan,"WELLS FARGO BANK, NATIONAL ASSOCIATION",Applied for loan/did not receive money,2017-03-23
Mortgage,Conventional fixed mortgage,"BAYVIEW LOAN SERVICING, LLC","Loan servicing, payments, escrow account",2017-03-30
Credit reporting,,EXPERIAN DELAWARE GP,Incorrect information on credit report,2017-03-21
Mortgage,Home equity loan or line of credit,"WELLS FARGO BANK, NATIONAL ASSOCIATION","Loan servicing, payments, escrow account",2017-04-21
Mortgage,Conventional fixed mortgage,Specialized Loan Servicing LLC,"Loan servicing, payments, escrow account",2017-04-17
Credit card,,CAPITAL ONE FINANCIAL CORPORATION,Identity theft / Fraud / Embezzlement,2017-03-21
Credit reporting,,"TRANSUNION INTERMEDIATE HOLDINGS, INC.",Incorrect information on credit report,2017-04-21
Debt collection,"Other (i.e. phone, health club, etc.)",ENCORE CAPITAL GROUP INC.,Cont'd attempts collect debt not owed,2017-04-14
Mortgage,Conventional fixed mortgage,Specialized Loan Servicing LLC,"Loan servicing, payments, escrow account",2017-04-18
Mortgage,Other mortgage,"WELLS FARGO BANK, NATIONAL ASSOCIATION","Loan modification,collection,foreclosure",2013-01-09
Mortgage,Conventional fixed mortgage,Ditech Financial LLC,"Loan servicing, payments, escrow account",2017-03-04
Debt collection,"Other (i.e. phone, health club, etc.)","Southwest Credit Systems, L.P.",Disclosure verification of debt,2017-03-04
Student loan,Federal student loan servicing,AES/PHEAA,Dealing with my lender or servicer,2017-03-01
Debt collection,I do not know,"Bursey & Associates, P.C.",Improper contact or sharing of info,2017-03-01
Debt collection,I do not know,"NCC Business Services, Inc.",Cont'd attempts collect debt not owed,2017-03-05
Bank account or service,Other bank product/service,"BANK OF AMERICA, NATIONAL ASSOCIATION","Account opening, closing, or management",2017-04-18
Debt collection,"Other (i.e. phone, health club, etc.)","Results Unlimited, Inc.",Taking/threatening an illegal action,2017-03-04
Debt collection,Medical,TRANSWORLD SYSTEMS INC,Communication tactics,2017-04-20
Bank account or service,Checking account,SCHOOLSFIRST FEDERAL CREDIT UNION,Deposits and withdrawals,2017-04-20
Debt collection,"Other (i.e. phone, health club, etc.)","Rent Recover, LLC",Disclosure verification of debt,2017-04-18
Credit card,,BARCLAYS BANK DELAWARE,Billing disputes,2017-04-15
Debt collection,I do not know,"Pinnacle Credit Services, LLC",Cont'd attempts collect debt not owed,2017-04-18
Credit reporting,,"Fidelity National Information Services, Inc. (FNIS)",Improper use of my credit report,2017-04-01
Mortgage,Conventional adjustable mortgage (ARM),"WELLS FARGO BANK, NATIONAL ASSOCIATION","Loan modification,collection,foreclosure",2017-04-19
Mortgage,Conventional fixed mortgage,"WELLS FARGO BANK, NATIONAL ASSOCIATION","Loan servicing, payments, escrow account",2017-04-18
Credit reporting,,"On-Site Manager, Inc.",Incorrect information on credit report,2017-03-23
Credit card,,SYNCHRONY BANK,Advertising and marketing,2012-12-21
Debt collection,I do not know,"Alpine Credit, Inc",Cont'd attempts collect debt not owed,2017-03-13
Mortgage,Other mortgage,NEW YORK COMMUNITY BANK,"Loan servicing, payments, escrow account",2017-04-18
Consumer Loan,Installment loan,"BANK OF AMERICA, NATIONAL ASSOCIATION",Problems when you are unable to pay,2017-04-20
Bank account or service,Checking account,U.S. BANCORP,"Account opening, closing, or management",2017-04-16
Bank account or service,Other bank product/service,JPMORGAN CHASE & CO.,Deposits and withdrawals,2017-04-12
Debt collection,"Other (i.e. phone, health club, etc.)","ONEMAIN FINANCIAL HOLDINGS, LLC.",Communication tactics,2017-03-07
Other financial service,Money order,"BANK OF AMERICA, NATIONAL ASSOCIATION",Lost or stolen money order,2017-03-31
Bank account or service,Checking account,"WELLS FARGO BANK, NATIONAL ASSOCIATION","Account opening, closing, or management",2017-04-18
Debt collection,Payday loan,SPEEDY CASH INTERMEDIATE HOLDINGS CORP,Cont'd attempts collect debt not owed,2017-04-20
Credit card,,SYNCHRONY BANK,Identity theft / Fraud / Embezzlement,2014-10-20
Student loan,Non-federal student loan,"Navient Solutions, LLC.",Can't repay my loan,2017-04-20
Credit card,,"CITIBANK, N.A.",APR or interest rate,2017-04-19
Debt collection,Credit card,ENCORE CAPITAL GROUP INC.,Communication tactics,2017-03-04
Consumer Loan,Vehicle loan,BBVA COMPASS FINANCIAL CORPORATION,Managing the loan or lease,2017-04-18
Debt collection,Credit card,"Mel S. Harris and Associates, LLC",Cont'd attempts collect debt not owed,2017-04-18
Bank account or service,Checking account,U.S. BANCORP,"Account opening, closing, or management",2017-04-18
Debt collection,Credit card,Credit Card Receivables Fund Incorporated,Cont'd attempts collect debt not owed,2017-03-04
Mortgage,Other mortgage,"CITIBANK, N.A.","Loan servicing, payments, escrow account",2017-04-18
Credit reporting,,"EQUIFAX, INC.",Incorrect information on credit report,2016-11-08
Credit card,,"CITIBANK, N.A.",Other,2017-03-28
Bank account or service,Cashing a check without an account,"BANK OF AMERICA, NATIONAL ASSOCIATION","Making/receiving payments, sending money",2017-04-18
Bank account or service,Checking account,"SUNTRUST BANKS, INC.",Deposits and withdrawals,2017-04-17
Credit reporting,,EXPERIAN DELAWARE GP,Incorrect information on credit report,2017-03-21
Debt collection,Credit card,PORTFOLIO RECOVERY ASSOCIATES INC,Cont'd attempts collect debt not owed,2017-03-04
Mortgage,Other mortgage,21ST MORTGAGE CORP.,Other,2017-04-19
Credit card,,"CITIBANK, N.A.",Identity theft / Fraud / Embezzlement,2017-04-18
Student loan,Federal student loan servicing,"Navient Solutions, LLC.",Can't repay my loan,2017-03-04
Mortgage,Conventional fixed mortgage,Ditech Financial LLC,"Application, originator, mortgage broker",2017-04-21
Consumer Loan,Personal line of credit,"WELLS FARGO BANK, NATIONAL ASSOCIATION",Shopping for a line of credit,2016-07-26
Credit card,,"BANK OF AMERICA, NATIONAL ASSOCIATION",Identity theft / Fraud / Embezzlement,2017-04-05
Mortgage,Conventional fixed mortgage,"Shellpoint Partners, LLC","Loan servicing, payments, escrow account",2017-04-20
Debt collection,Medical,"Alpine Credit, Inc",Cont'd attempts collect debt not owed,2017-04-21
Credit card,,"CITIZENS FINANCIAL GROUP, INC.",Billing disputes,2017-04-18
Mortgage,Conventional fixed mortgage,Specialized Loan Servicing LLC,"Loan modification,collection,foreclosure",2017-04-18
Debt collection,Federal student loan,AES/PHEAA,Cont'd attempts collect debt not owed,2017-04-16
Credit card,,"CITIBANK, N.A.",Other,2017-04-21
Debt collection,"Other (i.e. phone, health club, etc.)","Hunter Warfield, Inc.",Cont'd attempts collect debt not owed,2017-04-19
Credit reporting,,EXPERIAN DELAWARE GP,Incorrect information on credit report,2017-03-21
Debt collection,I do not know,"Credit Service of Logan, Inc.",False statements or representation,2017-04-18
Payday loan,,"LDF Holdings, LLC",Charged fees or interest I didn't expect,2017-04-06
Bank account or service,Savings account,U.S. BANCORP,"Account opening, closing, or management",2017-04-20
Debt collection,Medical,TENET HEALTHCARE CORPORATION,Disclosure verification of debt,2017-03-07
Credit reporting,,Advanced Resolution Services Inc.,Incorrect information on credit report,2017-03-04
Bank account or service,Checking account,HSBC NORTH AMERICA HOLDINGS INC.,"Account opening, closing, or management",2017-03-04
Bank account or service,Checking account,TD BANK US HOLDING COMPANY,Deposits and withdrawals,2014-02-27
Money transfers,Domestic (US) money transfer,"WESTERN UNION COMPANY, THE",Fraud or scam,2017-04-18
Bank account or service,Checking account,REGIONS BANK,Deposits and withdrawals,2017-04-18
Credit reporting,,EXPERIAN DELAWARE GP,Credit reporting company's investigation,2017-03-22
Mortgage,Other mortgage,"CITIBANK, N.A.","Loan servicing, payments, escrow account",2017-04-17
Debt collection,Credit card,PORTFOLIO RECOVERY ASSOCIATES INC,Communication tactics,2017-03-04
Credit card,,BARCLAYS BANK DELAWARE,Other fee,2017-04-10
Bank account or service,Other bank product/service,"CITIBANK, N.A.",Problems caused by my funds being low,2017-04-18
Credit reporting,,"EQUIFAX, INC.",Incorrect information on credit report,2017-03-04
Credit card,,JPMORGAN CHASE & CO.,Closing/Cancelling account,2017-04-19
Credit reporting,,EXPERIAN DELAWARE GP,Incorrect information on credit report,2017-03-21
Credit card,,JPMORGAN CHASE & CO.,Payoff process,2017-03-04
Credit reporting,,"EQUIFAX, INC.",Incorrect information on credit report,2017-04-03
Debt collection,"Other (i.e. phone, health club, etc.)","Convergent Resources, Inc.",Cont'd attempts collect debt not owed,2017-03-04
Bank account or service,Checking account,"BANK OF AMERICA, NATIONAL ASSOCIATION","Account opening, closing, or management",2017-03-08
Student loan,Non-federal student loan,"Navient Solutions, LLC.",Dealing with my lender or servicer,2017-03-04
Mortgage,Conventional fixed mortgage,Specialized Loan Servicing LLC,"Loan servicing, payments, escrow account",2017-04-19
Credit card,,CAPITAL ONE FINANCIAL CORPORATION,Closing/Cancelling account,2017-04-17
Debt collection,Medical,"Dynamic Recovery Solutions, LLC",Cont'd attempts collect debt not owed,2017-04-18
Money transfers,International money transfer,MONEYGRAM PAYMENT SYSTEMS WORLDWIDE INC,Other service issues,2017-03-04
Bank account or service,Other bank product/service,KEYCORP,"Account opening, closing, or management",2017-03-04
Student loan,Federal student loan servicing,AES/PHEAA,Can't repay my loan,2017-04-11
Mortgage,Conventional fixed mortgage,"BANK OF AMERICA, NATIONAL ASSOCIATION","Loan modification,collection,foreclosure",2017-04-06
Bank account or service,Other bank product/service,TD BANK US HOLDING COMPANY,"Making/receiving payments, sending money",2017-04-19
Debt collection,Medical,"Alpine Credit, Inc",Disclosure verification of debt,2015-12-17
Prepaid card,General purpose card,Blackhawk Network Holdings Inc.,Unauthorized transactions/trans. issues,2017-03-26
Bank account or service,Other bank product/service,TCF NATIONAL BANK,"Account opening, closing, or management",2017-04-11
Student loan,Federal student loan servicing,"Navient Solutions, LLC.",Dealing with my lender or servicer,2017-03-04
Debt collection,"Other (i.e. phone, health club, etc.)",WORLD ACCEPTANCE CORPORATION,Disclosure verification of debt,2016-11-25
Credit card,,JPMORGAN CHASE & CO.,Other,2017-04-06
Debt collection,I do not know,"RGS Financial, Inc.",Cont'd attempts collect debt not owed,2017-04-21
Bank account or service,(CD) Certificate of deposit,ALLY FINANCIAL INC.,"Account opening, closing, or management",2017-04-03
Mortgage,Home equity loan or line of credit,U.S. BANCORP,"Application, originator, mortgage broker",2017-04-21
Debt collection,I do not know,"National Principal Group, LLC",Cont'd attempts collect debt not owed,2017-01-06
Student loan,Federal student loan servicing,"Navient Solutions, LLC.",Dealing with my lender or servicer,2017-03-04
Mortgage,Conventional fixed mortgage,Ditech Financial LLC,"Loan servicing, payments, escrow account",2017-04-13
Credit reporting,,"TRANSUNION INTERMEDIATE HOLDINGS, INC.",Incorrect information on credit report,2017-03-14
Debt collection,"Other (i.e. phone, health club, etc.)","Sentry Credit, Inc.",Disclosure verification of debt,2017-03-19
Debt collection,"Other (i.e. phone, health club, etc.)",TRANSWORLD SYSTEMS INC,Taking/threatening an illegal action,2017-03-21
Debt collection,I do not know,D. SCOTT CARRUTHERS,Improper contact or sharing of info,2016-12-28
Credit card,,BARCLAYS BANK DELAWARE,Billing disputes,2017-04-13
Debt collection,I do not know,"Hunter Warfield, Inc.",Communication tactics,2017-04-20
Consumer Loan,Vehicle loan,"GENERAL MOTORS FINANCIAL COMPANY, INC.",Managing the loan or lease,2015-12-15
Credit reporting,,"EQUIFAX, INC.",Incorrect information on credit report,2017-03-04
Mortgage,Other mortgage,"BANK OF AMERICA, NATIONAL ASSOCIATION","Loan modification,collection,foreclosure",2017-04-21
Credit reporting,,EXPERIAN DELAWARE GP,Incorrect information on credit report,2017-03-21
Credit card,,CAPITAL ONE FINANCIAL CORPORATION,Billing disputes,2017-03-21
Credit card,,"BANK OF AMERICA, NATIONAL ASSOCIATION",Delinquent account,2017-04-18
Debt collection,I do not know,"ARS National Services, Inc.",Cont'd attempts collect debt not owed,2017-04-19
Bank account or service,Checking account,"BANK OF AMERICA, NATIONAL ASSOCIATION","Account opening, closing, or management",2017-04-14
Credit reporting,,"TRANSUNION INTERMEDIATE HOLDINGS, INC.",Incorrect information on credit report,2017-04-18
Mortgage,Conventional fixed mortgage,"MOUNTAIN WEST FINANCIAL, INC.","Loan servicing, payments, escrow account",2017-04-20
Bank account or service,Checking account,JPMORGAN CHASE & CO.,Using a debit or ATM card,2017-04-14
Debt collection,Payday loan,ZARVAD III S.A.,Communication tactics,2017-04-18
Consumer Loan,Vehicle loan,"BMW Financial Services NA, LLC",Managing the loan or lease,2017-04-05
Credit reporting,,"EQUIFAX, INC.",Incorrect information on credit report,2017-03-04
Bank account or service,Other bank product/service,"BANK OF AMERICA, NATIONAL ASSOCIATION","Making/receiving payments, sending money",2017-03-08
Bank account or service,Savings account,"CITIZENS FINANCIAL GROUP, INC.","Account opening, closing, or management",2017-04-18
Bank account or service,Checking account,REGIONS BANK,Using a debit or ATM card,2017-04-18
Student loan,Non-federal student loan,Express Aviation,Can't repay my loan,2017-01-10
Credit card,,JPMORGAN CHASE & CO.,Billing disputes,2017-04-19
Bank account or service,Checking account,ALLY FINANCIAL INC.,Deposits and withdrawals,2017-04-07
Mortgage,Conventional fixed mortgage,"Dovenmuehle Mortgage, Inc.","Loan servicing, payments, escrow account",2017-04-21
Bank account or service,Savings account,JPMORGAN CHASE & CO.,"Account opening, closing, or management",2017-04-18
Debt collection,"Other (i.e. phone, health club, etc.)","Hunter Warfield, Inc.",Disclosure verification of debt,2017-04-19
Consumer Loan,Vehicle loan,"CONSUMER PORTFOLIO SERVICES, INC.",Problems when you are unable to pay,2014-09-16
Credit reporting,,"TRANSUNION INTERMEDIATE HOLDINGS, INC.",Credit reporting company's investigation,2017-04-21
Bank account or service,Checking account,"BANK OF AMERICA, NATIONAL ASSOCIATION",Deposits and withdrawals,2017-04-21
Bank account or service,Other bank product/service,BANK OF THE WEST,Problems caused by my funds being low,2017-04-18
Bank account or service,Savings account,"BANK OF AMERICA, NATIONAL ASSOCIATION","Account opening, closing, or management",2017-04-06
Consumer Loan,Installment loan,BBVA COMPASS FINANCIAL CORPORATION,Managing the loan or lease,2017-04-05
Debt collection,Credit card,PORTFOLIO RECOVERY ASSOCIATES INC,Communication tactics,2017-04-19
Mortgage,Conventional fixed mortgage,SCHOOLSFIRST FEDERAL CREDIT UNION,"Loan servicing, payments, escrow account",2017-04-19
Credit card,,"CITIBANK, N.A.",Billing statement,2017-04-18
Mortgage,Other mortgage,"BANK OF AMERICA, NATIONAL ASSOCIATION","Loan servicing, payments, escrow account",2017-03-31
Credit card,,ZIONS BANCORPORATION,Credit determination,2017-04-19
Debt collection,I do not know,PORTFOLIO RECOVERY ASSOCIATES INC,Disclosure verification of debt,2017-04-20
Credit reporting,,EXPERIAN DELAWARE GP,Incorrect information on credit report,2017-03-22
Debt collection,"Other (i.e. phone, health club, etc.)","AmerAssist A/R Solutions, Inc.",Disclosure verification of debt,2017-03-23
Mortgage,Other mortgage,"QUICKEN LOANS, INC.","Application, originator, mortgage broker",2017-04-19
Credit card,,"CITIBANK, N.A.",Closing/Cancelling account,2017-04-19
Debt collection,I do not know,"National Credit Systems,Inc.",False statements or representation,2017-03-09
Mortgage,Conventional fixed mortgage,"CITIZENS FINANCIAL GROUP, INC.","Loan modification,collection,foreclosure",2017-04-18
Debt collection,Payday loan,SOUTHERN MANAGEMENT CORP.,Improper contact or sharing of info,2017-04-18
Bank account or service,(CD) Certificate of deposit,DISCOVER BANK,"Account opening, closing, or management",2017-03-30
Credit reporting,,"TRANSUNION INTERMEDIATE HOLDINGS, INC.",Incorrect information on credit report,2017-04-20
Mortgage,Other mortgage,JPMORGAN CHASE & CO.,"Loan modification,collection,foreclosure",2013-05-29
Debt collection,I do not know,"Professional Debt Mediation, Inc.",Cont'd attempts collect debt not owed,2017-04-20
Credit card,,AMERICAN EXPRESS CENTURION BANK,Identity theft / Fraud / Embezzlement,2017-04-20
Bank account or service,Checking account,"BANK OF AMERICA, NATIONAL ASSOCIATION","Account opening, closing, or management",2017-04-20
Credit card,,DISCOVER BANK,Other,2017-04-13
Prepaid card,Gift or merchant card,Blackhawk Network Holdings Inc.,"Managing, opening, or closing account",2017-04-17
Bank account or service,Other bank product/service,"WELLS FARGO BANK, NATIONAL ASSOCIATION","Making/receiving payments, sending money",2015-02-23
Debt collection,Medical,"Receivables Management Partners, LLC",Disclosure verification of debt,2017-04-18
Mortgage,Conventional fixed mortgage,Ditech Financial LLC,"Loan modification,collection,foreclosure",2017-03-04
Bank account or service,Savings account,"CITIZENS FINANCIAL GROUP, INC.",Deposits and withdrawals,2017-03-04
Debt collection,I do not know,Performant Financial Corporation,Cont'd attempts collect debt not owed,2017-04-04
Student loan,Non-federal student loan,TRANSWORLD SYSTEMS INC,Dealing with my lender or servicer,2017-04-05
Debt collection,Credit card,"Blatt, Hasenmiller, Leibsker & Moore, LLC",Disclosure verification of debt,2017-04-21
Consumer Loan,Vehicle loan,CarFinance Capital LLC,Shopping for a loan or lease,2017-04-19
Debt collection,"Other (i.e. phone, health club, etc.)",First Advantage LNS Inc.,Cont'd attempts collect debt not owed,2017-03-04
Credit card,,BARCLAYS BANK DELAWARE,Other fee,2017-04-18
Credit reporting,,EXPERIAN DELAWARE GP,Credit reporting company's investigation,2017-03-22
Debt collection,I do not know,"Credence Resource Management, LLC",False statements or representation,2016-09-01
Credit card,,"WELLS FARGO BANK, NATIONAL ASSOCIATION",Credit determination,2017-04-18
Mortgage,Other mortgage,M&T BANK CORPORATION,"Loan modification,collection,foreclosure",2017-04-19
Debt collection,"Other (i.e. phone, health club, etc.)","National Credit Systems,Inc.",Disclosure verification of debt,2017-03-08
Bank account or service,Other bank product/service,PAYPAL HOLDINGS INC.,Deposits and withdrawals,2017-03-04
Debt collection,"Other (i.e. phone, health club, etc.)",PORTFOLIO RECOVERY ASSOCIATES INC,Disclosure verification of debt,2017-04-19
Credit card,,"CITIBANK, N.A.",Billing disputes,2017-04-21
Mortgage,FHA mortgage,"WELLS FARGO BANK, NATIONAL ASSOCIATION","Loan modification,collection,foreclosure",2017-04-06
Debt collection,"Other (i.e. phone, health club, etc.)",Telerecovery Corporation,False statements or representation,2017-04-03
Student loan,Federal student loan servicing,AES/PHEAA,Dealing with my lender or servicer,2017-04-19
Debt collection,Medical,Bonded Collections of Rice Lake Inc,Disclosure verification of debt,2017-04-19
Credit reporting,,"TRANSUNION INTERMEDIATE HOLDINGS, INC.",Incorrect information on credit report,2014-07-01
Bank account or service,Other bank product/service,JPMORGAN CHASE & CO.,Deposits and withdrawals,2017-04-03
Credit card,,Alliance Data Card Services,Billing disputes,2017-03-04
Debt collection,Credit card,CAPITAL ONE FINANCIAL CORPORATION,Disclosure verification of debt,2017-04-03
Mortgage,FHA mortgage,MORTGAGE SOLUTIONS OF COLORADO,"Loan servicing, payments, escrow account",2017-03-05
Debt collection,Payday loan,SPEEDY CASH INTERMEDIATE HOLDINGS CORP,Communication tactics,2017-04-20
Mortgage,Conventional adjustable mortgage (ARM),"Fay Servicing, LLC","Loan servicing, payments, escrow account",2017-04-19
Mortgage,Conventional fixed mortgage,"PENNYMAC LOAN SERVICES, LLC.","Loan servicing, payments, escrow account",2017-04-19
Mortgage,Conventional fixed mortgage,Ditech Financial LLC,"Loan servicing, payments, escrow account",2017-04-18
Mortgage,Conventional fixed mortgage,NATIONSTAR MORTGAGE,"Loan modification,collection,foreclosure",2017-04-19
Mortgage,Conventional fixed mortgage,"Seterus, Inc.","Loan servicing, payments, escrow account",2017-04-19
Credit reporting,,EXPERIAN DELAWARE GP,Incorrect information on credit report,2017-03-21
Debt collection,"Other (i.e. phone, health club, etc.)","Collection Bureau Services, Inc.",Cont'd attempts collect debt not owed,2017-03-04
Debt collection,Medical,Senex Services Corp.,Disclosure verification of debt,2017-04-18
Consumer Loan,Installment loan,"WELLS FARGO BANK, NATIONAL ASSOCIATION",Taking out the loan or lease,2017-03-11
Debt collection,"Other (i.e. phone, health club, etc.)","Blakely-Witt and Associates, Inc.",Disclosure verification of debt,2017-04-05
Mortgage,Other mortgage,Ditech Financial LLC,"Loan servicing, payments, escrow account",2017-03-16
Mortgage,Other mortgage,OCWEN LOAN SERVICING LLC,"Loan servicing, payments, escrow account",2013-12-03
Bank account or service,Checking account,BBVA COMPASS FINANCIAL CORPORATION,"Account opening, closing, or management",2017-04-11
Mortgage,FHA mortgage,"BANK OF AMERICA, NATIONAL ASSOCIATION",Settlement process and costs,2017-04-20
Mortgage,Other mortgage,OCWEN LOAN SERVICING LLC,Settlement process and costs,2017-03-04
Mortgage,Conventional adjustable mortgage (ARM),"Seterus, Inc.","Loan servicing, payments, escrow account",2017-03-04
Bank account or service,Checking account,U.S. BANCORP,Deposits and withdrawals,2017-04-19
Debt collection,Credit card,American Mediation,Cont'd attempts collect debt not owed,2017-04-18
Student loan,Federal student loan servicing,AES/PHEAA,Dealing with my lender or servicer,2017-04-08
Credit card,,BARCLAYS BANK DELAWARE,Credit card protection / Debt protection,2017-04-08
Mortgage,Other mortgage,"WELLS FARGO BANK, NATIONAL ASSOCIATION","Loan modification,collection,foreclosure",2017-03-15
Debt collection,Credit card,Allen & Withrow,Taking/threatening an illegal action,2014-12-20
Debt collection,"Other (i.e. phone, health club, etc.)","Credit Systems International, Inc.",Disclosure verification of debt,2017-04-21
Bank account or service,Checking account,"BANK OF AMERICA, NATIONAL ASSOCIATION","Account opening, closing, or management",2017-04-18
Credit card,,BARCLAYS BANK DELAWARE,Other fee,2017-04-19
Debt collection,Auto,FINEX Group LLC,Cont'd attempts collect debt not owed,2014-07-19
Bank account or service,Other bank product/service,UNITED SERVICES AUTOMOBILE ASSOCIATION,"Account opening, closing, or management",2017-04-18
Bank account or service,Checking account,ALLY FINANCIAL INC.,"Account opening, closing, or management",2017-04-03
Bank account or service,Checking account,"FIRST HAWAIIAN, INC.","Account opening, closing, or management",2017-04-04
Bank account or service,Other bank product/service,ALLY FINANCIAL INC.,"Account opening, closing, or management",2017-03-27
Credit card,,DISCOVER BANK,Billing disputes,2017-04-09
Bank account or service,Other bank product/service,TCF NATIONAL BANK,"Account opening, closing, or management",2017-04-10
Bank account or service,Checking account,"WELLS FARGO BANK, NATIONAL ASSOCIATION",Problems caused by my funds being low,2017-04-19
Bank account or service,Other bank product/service,ALLY FINANCIAL INC.,"Making/receiving payments, sending money",2017-04-05
Bank account or service,Checking account,UNITED SERVICES AUTOMOBILE ASSOCIATION,Deposits and withdrawals,2017-03-09
Debt collection,Payday loan,Chaplain Financial Services LLC,Taking/threatening an illegal action,2017-04-18
Bank account or service,Other bank product/service,PNC Bank N.A.,"Account opening, closing, or management",2017-04-17
Student loan,Non-federal student loan,"Navient Solutions, LLC.",Can't repay my loan,2017-03-04
Mortgage,Other mortgage,"BANK OF AMERICA, NATIONAL ASSOCIATION","Application, originator, mortgage broker",2017-04-11
Student loan,Federal student loan servicing,"Navient Solutions, LLC.",Dealing with my lender or servicer,2017-03-05
Credit card,,DISCOVER BANK,Identity theft / Fraud / Embezzlement,2017-04-20
Debt collection,Payday loan,SPEEDY CASH INTERMEDIATE HOLDINGS CORP,Communication tactics,2017-04-20
Mortgage,Other type of mortgage,NATIONSTAR MORTGAGE,Struggling to pay mortgage,2017-04-21
Mortgage,Conventional adjustable mortgage (ARM),OCWEN LOAN SERVICING LLC,"Loan servicing, payments, escrow account",2013-07-08
Debt collection,I do not know,Grant & Weber,Disclosure verification of debt,2017-04-21
Credit reporting,,EXPERIAN DELAWARE GP,Incorrect information on credit report,2017-03-21
Money transfers,International money transfer,"BANK OF AMERICA, NATIONAL ASSOCIATION",Fraud or scam,2017-04-18
Credit reporting,,EXPERIAN DELAWARE GP,Incorrect information on credit report,2017-03-21
Consumer Loan,Installment loan,SYNCHRONY BANK,Managing the loan or lease,2017-04-18
Mortgage,FHA mortgage,RoundPoint Mortgage Servicing Corporation,"Loan servicing, payments, escrow account",2017-04-18
Mortgage,Home equity loan or line of credit,"WELLS FARGO BANK, NATIONAL ASSOCIATION",Settlement process and costs,2017-04-19
Bank account or service,Checking account,"WELLS FARGO BANK, NATIONAL ASSOCIATION","Making/receiving payments, sending money",2013-07-17
Credit reporting,,OCWEN LOAN SERVICING LLC,Incorrect information on credit report,2017-04-19
Debt collection,"Other (i.e. phone, health club, etc.)","National Credit Systems,Inc.",Cont'd attempts collect debt not owed,2017-04-21
Credit reporting,,DISCOVER BANK,Incorrect information on credit report,2017-04-04
Student loan,Federal student loan servicing,"Navient Solutions, LLC.",Dealing with my lender or servicer,2017-03-04
Payday loan,,"Bliksum, LLC",Charged fees or interest I didn't expect,2017-04-20
Mortgage,Reverse mortgage,"WELLS FARGO BANK, NATIONAL ASSOCIATION","Loan modification,collection,foreclosure",2017-04-18
Mortgage,Other mortgage,Ditech Financial LLC,"Loan modification,collection,foreclosure",2017-03-14
Mortgage,Other mortgage,"BANK OF AMERICA, NATIONAL ASSOCIATION","Loan modification,collection,foreclosure",2012-02-16
Mortgage,Conventional adjustable mortgage (ARM),HSBC NORTH AMERICA HOLDINGS INC.,Credit decision / Underwriting,2017-04-12
Credit card,,CAPITAL ONE FINANCIAL CORPORATION,Late fee,2017-04-11
Mortgage,Conventional fixed mortgage,"BANK OF AMERICA, NATIONAL ASSOCIATION","Loan servicing, payments, escrow account",2017-04-21
Debt collection,Medical,TRANSWORLD SYSTEMS INC,Communication tactics,2017-04-14
Student loan,Non-federal student loan,"Navient Solutions, LLC.",Dealing with my lender or servicer,2017-04-19
Credit card,,DISCOVER BANK,Identity theft / Fraud / Embezzlement,2017-04-10
Credit reporting,,"EQUIFAX, INC.",Incorrect information on credit report,2017-04-03
Bank account or service,Checking account,"WELLS FARGO BANK, NATIONAL ASSOCIATION",Deposits and withdrawals,2017-04-18
Credit card,,BARCLAYS BANK DELAWARE,Other fee,2017-04-03
Bank account or service,Checking account,"WELLS FARGO BANK, NATIONAL ASSOCIATION","Account opening, closing, or management",2017-04-12
Payday loan,,BlueChip Financial,Can't contact lender,2017-04-19
Student loan,Non-federal student loan,"Navient Solutions, LLC.",Can't repay my loan,2017-04-13
Credit reporting,,"TRANSUNION INTERMEDIATE HOLDINGS, INC.",Incorrect information on credit report,2017-04-18
Credit reporting,,"TRANSUNION INTERMEDIATE HOLDINGS, INC.",Credit reporting company's investigation,2017-04-19
Debt collection,Medical,Senex Services Corp.,Disclosure verification of debt,2017-04-18
Student loan,Federal student loan servicing,AES/PHEAA,Dealing with my lender or servicer,2017-03-04
Payday loan,,"LDF Holdings, LLC",Charged fees or interest I didn't expect,2017-04-06
Student loan,Non-federal student loan,"Navient Solutions, LLC.",Dealing with my lender or servicer,2017-04-18
Credit card,,CAPITAL ONE FINANCIAL CORPORATION,Delinquent account,2017-03-04
Credit reporting,,EXPERIAN DELAWARE GP,Incorrect information on credit report,2017-03-22
Debt collection,Payday loan,"GVA Holdings, LLC",Improper contact or sharing of info,2015-11-10
Student loan,Federal student loan servicing,"Navient Solutions, LLC.",Can't repay my loan,2017-03-04
Credit reporting,,"EQUIFAX, INC.",Improper use of my credit report,2017-03-04
Debt collection,I do not know,"Professional Debt Mediation, Inc.",Disclosure verification of debt,2017-04-20
Consumer Loan,Installment loan,WORLD ACCEPTANCE CORPORATION,Managing the loan or lease,2016-12-29
Mortgage,Home equity loan or line of credit,"CITIBANK, N.A.","Loan modification,collection,foreclosure",2017-04-18
Credit reporting,,"EQUIFAX, INC.",Incorrect information on credit report,2017-03-04
Mortgage,Conventional fixed mortgage,"WELLS FARGO BANK, NATIONAL ASSOCIATION","Loan modification,collection,foreclosure",2017-04-19
Mortgage,FHA mortgage,"Stearns Ventures, LLC","Loan servicing, payments, escrow account",2017-04-19
Debt collection,Medical,Commonwealth Health Corporation,Cont'd attempts collect debt not owed,2017-03-04
Debt collection,"Other (i.e. phone, health club, etc.)","Quality Recovery Services, Inc.",False statements or representation,2016-07-26
Debt collection,I do not know,Alliant Capital Management LLC,Improper contact or sharing of info,2017-04-19
Mortgage,Conventional adjustable mortgage (ARM),"BAYVIEW LOAN SERVICING, LLC","Loan servicing, payments, escrow account",2017-03-29
Credit reporting,,EXPERIAN DELAWARE GP,Incorrect information on credit report,2017-03-22
Credit card,,BARCLAYS BANK DELAWARE,Other fee,2017-04-13
Credit card,,JPMORGAN CHASE & CO.,Customer service / Customer relations,2017-04-14
Bank account or service,Savings account,PNC Bank N.A.,Deposits and withdrawals,2017-04-18
Bank account or service,Other bank product/service,"WELLS FARGO BANK, NATIONAL ASSOCIATION","Account opening, closing, or management",2017-03-20
Credit card,,SYNCHRONY BANK,Billing disputes,2017-04-20
Debt collection,Credit card,RSR & ASSOCIATES INC.,Cont'd attempts collect debt not owed,2017-04-07
Credit reporting,,SYNCHRONY BANK,Incorrect information on credit report,2017-04-19
Mortgage,FHA mortgage,"SUNTRUST BANKS, INC.","Loan servicing, payments, escrow account",2017-04-20
Mortgage,Other mortgage,"Caliber Home Loans, Inc.","Loan servicing, payments, escrow account",2017-04-18
Credit card,,"CITIBANK, N.A.",Closing/Cancelling account,2017-04-18
Debt collection,"Other (i.e. phone, health club, etc.)","National Credit Systems,Inc.",Cont'd attempts collect debt not owed,2017-04-21
Consumer Loan,Vehicle loan,"CITIZENS FINANCIAL GROUP, INC.",Shopping for a loan or lease,2017-04-18
Debt collection,Medical,"SCA Collections, Inc.",Disclosure verification of debt,2016-11-27
Credit card,,CAPITAL ONE FINANCIAL CORPORATION,Customer service / Customer relations,2017-03-04
Credit reporting,,EXPERIAN DELAWARE GP,Credit reporting company's investigation,2017-03-22
Student loan,Non-federal student loan,"BANK OF AMERICA, NATIONAL ASSOCIATION",Dealing with my lender or servicer,2017-04-20
Mortgage,Other mortgage,EVERBANK,"Loan modification,collection,foreclosure",2016-04-19
Mortgage,FHA mortgage,CARRINGTON MORTGAGE SERVICES,"Loan modification,collection,foreclosure",2017-03-31
Credit card,,CAPITAL ONE FINANCIAL CORPORATION,Other,2017-03-14
Credit reporting,,"EQUIFAX, INC.",Incorrect information on credit report,2017-04-04
Mortgage,FHA mortgage,NATIONSTAR MORTGAGE,"Loan modification,collection,foreclosure",2017-04-19
Bank account or service,Checking account,JPMORGAN CHASE & CO.,"Account opening, closing, or management",2017-04-17
Debt collection,"Other (i.e. phone, health club, etc.)","Hunter Warfield, Inc.",Cont'd attempts collect debt not owed,2017-04-20
Student loan,Non-federal student loan,"Navient Solutions, LLC.",Dealing with my lender or servicer,2017-04-20
Mortgage,Other mortgage,"Seterus, Inc.","Loan servicing, payments, escrow account",2017-04-20
Prepaid card,General purpose card,"Empowerment Ventures, LLC",Unauthorized transactions/trans. issues,2015-11-03
Credit card,,"BANK OF AMERICA, NATIONAL ASSOCIATION",Other,2017-04-18
Debt collection,"Other (i.e. phone, health club, etc.)","Convergent Resources, Inc.",Cont'd attempts collect debt not owed,2017-03-04
Student loan,Non-federal student loan,"Navient Solutions, LLC.",Dealing with my lender or servicer,2017-04-20
Student loan,Federal student loan servicing,United Student Aid (USA) Funds,Dealing with my lender or servicer,2017-03-07
Mortgage,FHA mortgage,"QUICKEN LOANS, INC.","Loan servicing, payments, escrow account",2017-04-19
Student loan,Non-federal student loan,"Navient Solutions, LLC.",Dealing with my lender or servicer,2017-04-19
Debt collection,Federal student loan,Law Offices of Goldsmith & Hull A.P.C.,Communication tactics,2017-03-08
Mortgage,Other mortgage,JPMORGAN CHASE & CO.,"Loan servicing, payments, escrow account",2017-03-31
Credit card,,AMERICAN EXPRESS CENTURION BANK,Customer service / Customer relations,2017-03-05
Bank account or service,Checking account,JPMORGAN CHASE & CO.,"Account opening, closing, or management",2017-04-19
Student loan,Non-federal student loan,"Loan Science, LLC",Dealing with my lender or servicer,2017-04-21
Mortgage,FHA mortgage,MIDFIRST BANK,"Loan servicing, payments, escrow account",2017-04-18
Debt collection,Credit card,"Dwight Financial, Inc.",Disclosure verification of debt,2017-04-20
Consumer Loan,Vehicle loan,TCF NATIONAL BANK,Managing the loan or lease,2017-04-18
Debt collection,Auto,FINEX Group LLC,Cont'd attempts collect debt not owed,2017-04-19
Credit reporting,,EXPERIAN DELAWARE GP,Incorrect information on credit report,2017-03-22
Mortgage,Conventional fixed mortgage,JPMORGAN CHASE & CO.,"Loan servicing, payments, escrow account",2017-04-17
Debt collection,Auto,Riverwalk Financial Corporation,Disclosure verification of debt,2017-04-18
Credit reporting,,EXPERIAN DELAWARE GP,Incorrect information on credit report,2017-03-21
Bank account or service,Other bank product/service,Alliance Data Card Services,"Account opening, closing, or management",2017-04-17
Bank account or service,Other bank product/service,DISCOVER BANK,"Account opening, closing, or management",2017-04-19
Bank account or service,Other bank product/service,"HUNTINGTON NATIONAL BANK, THE","Account opening, closing, or management",2017-03-23
Credit reporting,,EXPERIAN DELAWARE GP,Incorrect information on credit report,2017-03-21
Debt collection,I do not know,"General Financial, Inc.",False statements or representation,2017-04-18
Consumer Loan,Installment loan,PORTFOLIO RECOVERY ASSOCIATES INC,Managing the loan or lease,2017-04-17
Debt collection,I do not know,"Eagle Accounts Group, Inc.",Cont'd attempts collect debt not owed,2017-02-28
Mortgage,Conventional fixed mortgage,PNC Bank N.A.,"Loan modification,collection,foreclosure",2017-04-10
Credit reporting,,EXPERIAN DELAWARE GP,Incorrect information on credit report,2017-02-08
Student loan,Federal student loan servicing,"Navient Solutions, LLC.",Dealing with my lender or servicer,2017-03-04
Mortgage,Conventional adjustable mortgage (ARM),OCWEN LOAN SERVICING LLC,"Loan servicing, payments, escrow account",2017-04-21
Credit card,,BARCLAYS BANK DELAWARE,Other fee,2017-04-18
Mortgage,FHA mortgage,CARRINGTON MORTGAGE SERVICES,"Loan modification,collection,foreclosure",2017-04-04
Debt collection,"Other (i.e. phone, health club, etc.)","Quality Recovery Services, Inc.",Disclosure verification of debt,2016-03-03
Bank account or service,Other bank product/service,"CITIZENS FINANCIAL GROUP, INC.",Using a debit or ATM card,2017-04-11
Credit card,,BARCLAYS BANK DELAWARE,Other fee,2017-04-21
